datum index	,	M01AB	,	M01AE	,	N02BA	,	N02BE/B	,	N05B	,	N05C	,	R03	,	R06	,	Month
1	,	0	,	0	,	0	,	0	,	0	,	0	,	0	,	0	,	1
2	,	0	,	1	,	1	,	51	,	0	,	1	,	5	,	5	,	1
3	,	4	,	4	,	3	,	56	,	1	,	0	,	5	,	1	,	1
4	,	7	,	6	,	6	,	47	,	6	,	0	,	12	,	1	,	1
5	,	5	,	6	,	5	,	39	,	15	,	0	,	5	,	1	,	1
6	,	7	,	3	,	6	,	62	,	2	,	0	,	12	,	2	,	1
7	,	0	,	0	,	0	,	0	,	0	,	0	,	0	,	0	,	1
8	,	8	,	3	,	8	,	39	,	8	,	3	,	2	,	2	,	1
9	,	7	,	3	,	5	,	88	,	9	,	0	,	3	,	3	,	1
10	,	7	,	4	,	12	,	68	,	8	,	1	,	1	,	0	,	1
11	,	9	,	6	,	7	,	65	,	18	,	0	,	0	,	4	,	1
12	,	12	,	3	,	12	,	61	,	8	,	0	,	0	,	0	,	1
13	,	9	,	2	,	5	,	42	,	15	,	0	,	1	,	2	,	1
14	,	2	,	5	,	6	,	69	,	18	,	0	,	8	,	2	,	1
15	,	9	,	5	,	11	,	18	,	8	,	0	,	10	,	2	,	1
16	,	3	,	5	,	6	,	64	,	11	,	0	,	2	,	1	,	1
17	,	7	,	2	,	4	,	47	,	4	,	0	,	0	,	1	,	1
18	,	4	,	3	,	4	,	63	,	3	,	2	,	9	,	2	,	1
19	,	6	,	6	,	6	,	50	,	7	,	0	,	0	,	3	,	1
20	,	2	,	3	,	3	,	15	,	29	,	3	,	3	,	2	,	1
21	,	5	,	1	,	1	,	68	,	8	,	4	,	6	,	5	,	1
22	,	1	,	8	,	7	,	40	,	11	,	0	,	10	,	0	,	1
23	,	6	,	6	,	7	,	37	,	4	,	0	,	6	,	2	,	1
24	,	4	,	6	,	11	,	48	,	3	,	0	,	12	,	3	,	1
25	,	10	,	4	,	4	,	47	,	12	,	2	,	10	,	2	,	1
26	,	6	,	4	,	8	,	30	,	9	,	0	,	15	,	0	,	1
27	,	4	,	4	,	3	,	30	,	18	,	5	,	5	,	2	,	1
28	,	7	,	7	,	4	,	33	,	4	,	0	,	4	,	3	,	1
29	,	5	,	9	,	9	,	74	,	3	,	1	,	17	,	2	,	1
30	,	9	,	4	,	5	,	47	,	3	,	2	,	5	,	2	,	1
31	,	4	,	5	,	4	,	79	,	3	,	0	,	6	,	2	,	1
32	,	6	,	5	,	7	,	18	,	7	,	0	,	6	,	1	,	2
33	,	14	,	5	,	1	,	39	,	6	,	0	,	0	,	1	,	2
34	,	8	,	7	,	12	,	39	,	11	,	5	,	0	,	0	,	2
35	,	8	,	4	,	4	,	29	,	5	,	0	,	4	,	4	,	2
36	,	6	,	2	,	3	,	52	,	7	,	0	,	3	,	1	,	2
37	,	5	,	10	,	3	,	57	,	1	,	0	,	11	,	2	,	2
38	,	4	,	6	,	5	,	88	,	2	,	0	,	13	,	1	,	2
39	,	6	,	7	,	6	,	28	,	5	,	0	,	23	,	1	,	2
40	,	7	,	3	,	4	,	48	,	16	,	2	,	1	,	2	,	2
41	,	4	,	5	,	7	,	34	,	29	,	0	,	4	,	2	,	2
42	,	2	,	4	,	3	,	38	,	10	,	1	,	13	,	4	,	2
43	,	6	,	6	,	9	,	61	,	4	,	0	,	20	,	1	,	2
44	,	3	,	4	,	5	,	42	,	2	,	0	,	10	,	2	,	2
45	,	6	,	7	,	4	,	44	,	5	,	0	,	7	,	4	,	2
46	,	5	,	5	,	5	,	52	,	6	,	0	,	0	,	0	,	2
47	,	7	,	2	,	3	,	29	,	3	,	2	,	9	,	3	,	2
48	,	3	,	5	,	4	,	27	,	12	,	1	,	1	,	0	,	2
49	,	2	,	1	,	4	,	44	,	3	,	0	,	9	,	1	,	2
50	,	4	,	2	,	4	,	29	,	18	,	2	,	26	,	1	,	2
51	,	10	,	4	,	4	,	37	,	5	,	0	,	8	,	3	,	2
52	,	6	,	4	,	0	,	56	,	5	,	2	,	7	,	4	,	2
53	,	3	,	5	,	3	,	51	,	10	,	0	,	12	,	4	,	2
54	,	3	,	2	,	3	,	41	,	11	,	0	,	15	,	3	,	2
55	,	8	,	2	,	2	,	35	,	6	,	2	,	5	,	1	,	2
56	,	8	,	4	,	5	,	41	,	22	,	1	,	4	,	3	,	2
57	,	5	,	6	,	5	,	29	,	6	,	2	,	0	,	1	,	2
58	,	8	,	7	,	7	,	26	,	3	,	0	,	5	,	2	,	2
59	,	8	,	4	,	10	,	67	,	6	,	0	,	26	,	5	,	2
60	,	7	,	8	,	4	,	46	,	13	,	0	,	3	,	1	,	2
61	,	10	,	4	,	2	,	31	,	11	,	2	,	0	,	2	,	3
62	,	3	,	10	,	5	,	21	,	15	,	2	,	1	,	0	,	3
63	,	3	,	2	,	5	,	56	,	2	,	0	,	9	,	4	,	3
64	,	5	,	1	,	4	,	27	,	3	,	0	,	0	,	0	,	3
65	,	5	,	5	,	8	,	38	,	9	,	0	,	10	,	5	,	3
66	,	5	,	8	,	5	,	80	,	2	,	0	,	5	,	7	,	3
67	,	5	,	7	,	4	,	44	,	3	,	1	,	6	,	1	,	3
68	,	4	,	7	,	3	,	44	,	7	,	0	,	3	,	3	,	3
69	,	4	,	6	,	7	,	22	,	7	,	1	,	6	,	4	,	3
70	,	6	,	10	,	2	,	23	,	8	,	0	,	2	,	2	,	3
71	,	3	,	4	,	6	,	22	,	8	,	0	,	18	,	1	,	3
72	,	3	,	6	,	1	,	42	,	4	,	0	,	23	,	1	,	3
73	,	3	,	4	,	2	,	59	,	4	,	0	,	4	,	0	,	3
74	,	4	,	3	,	10	,	36	,	12	,	0	,	23	,	1	,	3
75	,	5	,	3	,	2	,	24	,	7	,	0	,	18	,	3	,	3
76	,	5	,	13	,	6	,	37	,	16	,	0	,	4	,	4	,	3
77	,	6	,	5	,	5	,	60	,	10	,	0	,	8	,	5	,	3
78	,	3	,	5	,	5	,	25	,	15	,	2	,	8	,	3	,	3
79	,	11	,	8	,	3	,	20	,	6	,	1	,	5	,	5	,	3
80	,	8	,	10	,	2	,	42	,	1	,	0	,	15	,	5	,	3
81	,	5	,	8	,	6	,	46	,	11	,	0	,	36	,	7	,	3
82	,	2	,	0	,	5	,	42	,	12	,	2	,	4	,	2	,	3
83	,	4	,	3	,	6	,	24	,	22	,	1	,	0	,	3	,	3
84	,	7	,	2	,	3	,	32	,	4	,	0	,	8	,	2	,	3
85	,	7	,	7	,	4	,	43	,	8	,	0	,	3	,	3	,	3
86	,	3	,	1	,	8	,	33	,	4	,	0	,	0	,	5	,	3
87	,	8	,	5	,	14	,	63	,	11	,	1	,	1	,	4	,	3
88	,	3	,	2	,	2	,	25	,	20	,	0	,	4	,	5	,	3
89	,	6	,	1	,	3	,	36	,	4	,	0	,	12	,	1	,	3
90	,	7	,	3	,	7	,	22	,	3	,	0	,	12	,	5	,	3
91	,	2	,	9	,	3	,	31	,	1	,	0	,	5	,	5	,	3
92	,	6	,	3	,	3	,	50	,	4	,	0	,	16	,	11	,	4
93	,	4	,	2	,	7	,	32	,	4	,	0	,	19	,	7	,	4
94	,	10	,	7	,	5	,	74	,	5	,	0	,	6	,	11	,	4
95	,	7	,	5	,	5	,	22	,	3	,	1	,	11	,	2	,	4
96	,	6	,	5	,	4	,	40	,	5	,	1	,	11	,	12	,	4
97	,	7	,	5	,	2	,	15	,	7	,	0	,	6	,	3	,	4
98	,	6	,	6	,	4	,	21	,	7	,	2	,	4	,	8	,	4
99	,	8	,	4	,	5	,	42	,	2	,	1	,	3	,	4	,	4
100	,	9	,	9	,	3	,	39	,	7	,	0	,	14	,	3	,	4
101	,	5	,	7	,	5	,	21	,	4	,	1	,	11	,	8	,	4
102	,	0	,	5	,	3	,	26	,	11	,	2	,	17	,	6	,	4
103	,	4	,	5	,	6	,	42	,	19	,	1	,	2	,	5	,	4
104	,	6	,	3	,	3	,	34	,	22	,	0	,	2	,	3	,	4
105	,	3	,	2	,	9	,	44	,	9	,	0	,	4	,	6	,	4
106	,	4	,	3	,	3	,	24	,	6	,	0	,	10	,	4	,	4
107	,	5	,	7	,	5	,	33	,	11	,	0	,	8	,	9	,	4
108	,	4	,	8	,	3	,	53	,	2	,	0	,	7	,	7	,	4
109	,	4	,	2	,	5	,	22	,	15	,	3	,	7	,	7	,	4
110	,	3	,	1	,	8	,	24	,	7	,	0	,	6	,	4	,	4
111	,	3	,	3	,	2	,	17	,	11	,	5	,	15	,	3	,	4
112	,	3	,	3	,	3	,	22	,	6	,	0	,	0	,	2	,	4
113	,	6	,	6	,	4	,	22	,	4	,	0	,	6	,	1	,	4
114	,	14	,	4	,	8	,	33	,	8	,	0	,	0	,	5	,	4
115	,	1	,	7	,	6	,	37	,	3	,	0	,	6	,	5	,	4
116	,	7	,	2	,	7	,	22	,	20	,	1	,	3	,	3	,	4
117	,	5	,	5	,	7	,	27	,	19	,	0	,	7	,	2	,	4
118	,	6	,	7	,	7	,	47	,	27	,	0	,	1	,	2	,	4
119	,	5	,	6	,	6	,	28	,	18	,	0	,	12	,	12	,	4
120	,	7	,	3	,	3	,	37	,	15	,	0	,	1	,	3	,	4
121	,	10	,	10	,	7	,	48	,	11	,	0	,	1	,	5	,	4
122	,	0	,	0	,	0	,	0	,	0	,	0	,	0	,	0	,	5
123	,	4	,	1	,	1	,	39	,	7	,	0	,	5	,	2	,	5
124	,	6	,	6	,	3	,	24	,	3	,	0	,	0	,	2	,	5
125	,	7	,	3	,	5	,	32	,	4	,	0	,	1	,	2	,	5
126	,	5	,	3	,	6	,	41	,	16	,	3	,	1	,	2	,	5
127	,	4	,	3	,	1	,	34	,	7	,	0	,	1	,	3	,	5
128	,	4	,	8	,	4	,	47	,	5	,	1	,	0	,	10	,	5
129	,	5	,	11	,	1	,	40	,	12	,	0	,	1	,	11	,	5
130	,	6	,	6	,	5	,	29	,	3	,	0	,	2	,	5	,	5
131	,	7	,	4	,	7	,	28	,	4	,	0	,	2	,	4	,	5
132	,	5	,	5	,	4	,	23	,	13	,	0	,	3	,	2	,	5
133	,	3	,	2	,	8	,	28	,	8	,	1	,	2	,	0	,	5
134	,	2	,	2	,	3	,	37	,	9	,	0	,	0	,	5	,	5
135	,	5	,	5	,	6	,	31	,	13	,	0	,	21	,	1	,	5
136	,	5	,	8	,	1	,	44	,	6	,	0	,	5	,	4	,	5
137	,	5	,	4	,	2	,	24	,	17	,	0	,	2	,	3	,	5
138	,	4	,	2	,	7	,	38	,	4	,	0	,	1	,	3	,	5
139	,	4	,	5	,	5	,	35	,	7	,	0	,	1	,	5	,	5
140	,	6	,	6	,	2	,	31	,	10	,	0	,	16	,	3	,	5
141	,	3	,	1	,	3	,	14	,	14	,	2	,	9	,	5	,	5
142	,	2	,	5	,	5	,	43	,	3	,	0	,	17	,	5	,	5
143	,	4	,	5	,	9	,	56	,	6	,	1	,	0	,	10	,	5
144	,	5	,	2	,	5	,	55	,	19	,	0	,	7	,	4	,	5
145	,	12	,	3	,	4	,	32	,	3	,	0	,	3	,	2	,	5
146	,	8	,	2	,	6	,	25	,	16	,	1	,	0	,	1	,	5
147	,	5	,	5	,	5	,	25	,	20	,	1	,	0	,	9	,	5
148	,	9	,	3	,	5	,	17	,	14	,	7	,	2	,	6	,	5
149	,	12	,	0	,	3	,	43	,	4	,	0	,	4	,	9	,	5
150	,	9	,	4	,	6	,	32	,	2	,	1	,	5	,	9	,	5
151	,	3	,	3	,	4	,	29	,	3	,	0	,	7	,	8	,	5
152	,	6	,	3	,	4	,	21	,	3	,	0	,	13	,	2	,	5
153	,	9	,	1	,	2	,	20	,	11	,	0	,	7	,	5	,	6
154	,	2	,	6	,	1	,	21	,	18	,	3	,	4	,	1	,	6
155	,	7	,	3	,	4	,	18	,	8	,	0	,	1	,	7	,	6
156	,	3	,	3	,	3	,	21	,	2	,	0	,	0	,	4	,	6
157	,	10	,	3	,	4	,	23	,	5	,	0	,	3	,	4	,	6
158	,	5	,	3	,	4	,	26	,	5	,	0	,	6	,	6	,	6
159	,	6	,	3	,	4	,	29	,	13	,	0	,	10	,	3	,	6
160	,	9	,	1	,	6	,	45	,	10	,	0	,	5	,	6	,	6
161	,	9	,	4	,	2	,	21	,	7	,	0	,	1	,	4	,	6
162	,	8	,	4	,	4	,	26	,	11	,	2	,	0	,	5	,	6
163	,	11	,	3	,	2	,	36	,	4	,	1	,	10	,	8	,	6
164	,	8	,	7	,	3	,	47	,	8	,	0	,	4	,	6	,	6
165	,	6	,	5	,	1	,	15	,	7	,	0	,	1	,	2	,	6
166	,	2	,	6	,	6	,	17	,	17	,	1	,	2	,	3	,	6
167	,	5	,	5	,	7	,	35	,	22	,	1	,	1	,	6	,	6
168	,	4	,	0	,	1	,	21	,	4	,	0	,	22	,	3	,	6
169	,	3	,	4	,	4	,	20	,	8	,	0	,	4	,	4	,	6
170	,	2	,	4	,	7	,	38	,	1	,	0	,	5	,	4	,	6
171	,	6	,	6	,	3	,	40	,	1	,	0	,	7	,	15	,	6
172	,	7	,	3	,	6	,	22	,	5	,	0	,	8	,	6	,	6
173	,	7	,	5	,	9	,	23	,	15	,	0	,	7	,	6	,	6
174	,	2	,	6	,	2	,	42	,	6	,	0	,	2	,	2	,	6
175	,	3	,	0	,	2	,	19	,	5	,	0	,	1	,	3	,	6
176	,	6	,	2	,	3	,	19	,	15	,	0	,	1	,	2	,	6
177	,	6	,	5	,	8	,	20	,	5	,	0	,	1	,	4	,	6
178	,	3	,	4	,	2	,	17	,	20	,	0	,	2	,	3	,	6
179	,	6	,	3	,	5	,	24	,	9	,	0	,	9	,	2	,	6
180	,	1	,	1	,	2	,	24	,	20	,	5	,	2	,	7	,	6
181	,	7	,	8	,	7	,	22	,	13	,	7	,	1	,	2	,	6
182	,	4	,	4	,	3	,	9	,	6	,	0	,	0	,	2	,	6
183	,	4	,	2	,	6	,	24	,	1	,	0	,	20	,	7	,	7
184	,	5	,	5	,	6	,	25	,	9	,	0	,	2	,	3	,	7
185	,	7	,	4	,	5	,	19	,	4	,	0	,	11	,	5	,	7
186	,	8	,	5	,	1	,	14	,	8	,	3	,	7	,	6	,	7
187	,	6	,	4	,	2	,	19	,	10	,	0	,	0	,	3	,	7
188	,	9	,	6	,	5	,	30	,	5	,	0	,	8	,	4	,	7
189	,	7	,	5	,	1	,	21	,	11	,	1	,	0	,	2	,	7
190	,	1	,	7	,	9	,	28	,	12	,	1	,	0	,	4	,	7
191	,	3	,	6	,	5	,	11	,	12	,	0	,	0	,	2	,	7
192	,	6	,	8	,	4	,	29	,	6	,	0	,	0	,	3	,	7
193	,	6	,	2	,	3	,	19	,	9	,	0	,	4	,	6	,	7
194	,	6	,	3	,	4	,	27	,	14	,	0	,	3	,	4	,	7
195	,	6	,	7	,	5	,	26	,	11	,	0	,	3	,	2	,	7
196	,	2	,	2	,	5	,	12	,	3	,	0	,	3	,	5	,	7
197	,	3	,	8	,	2	,	15	,	4	,	0	,	0	,	3	,	7
198	,	9	,	7	,	3	,	23	,	6	,	0	,	1	,	8	,	7
199	,	9	,	4	,	3	,	27	,	3	,	0	,	7	,	4	,	7
200	,	6	,	2	,	8	,	25	,	2	,	0	,	3	,	4	,	7
201	,	7	,	1	,	6	,	19	,	5	,	0	,	1	,	2	,	7
202	,	10	,	5	,	7	,	25	,	6	,	0	,	5	,	5	,	7
203	,	6	,	5	,	4	,	17	,	15	,	0	,	1	,	2	,	7
204	,	3	,	2	,	7	,	14	,	4	,	0	,	0	,	2	,	7
205	,	5	,	5	,	2	,	15	,	6	,	0	,	0	,	5	,	7
206	,	2	,	5	,	4	,	32	,	4	,	0	,	0	,	2	,	7
207	,	13	,	3	,	7	,	22	,	9	,	0	,	4	,	4	,	7
208	,	8	,	3	,	1	,	10	,	16	,	0	,	0	,	2	,	7
209	,	3	,	6	,	4	,	10	,	4	,	1	,	9	,	2	,	7
210	,	10	,	4	,	4	,	23	,	12	,	1	,	5	,	3	,	7
211	,	10	,	5	,	6	,	11	,	17	,	1	,	11	,	2	,	7
212	,	6	,	4	,	4	,	37	,	7	,	0	,	1	,	6	,	7
213	,	6	,	5	,	5	,	22	,	5	,	0	,	0	,	4	,	7
214	,	8	,	1	,	5	,	14	,	8	,	1	,	1	,	6	,	8
215	,	8	,	7	,	5	,	12	,	12	,	0	,	1	,	1	,	8
216	,	8	,	3	,	4	,	21	,	11	,	0	,	13	,	3	,	8
217	,	8	,	3	,	2	,	34	,	12	,	0	,	17	,	4	,	8
218	,	10	,	3	,	4	,	21	,	24	,	0	,	24	,	1	,	8
219	,	3	,	4	,	5	,	20	,	33	,	0	,	1	,	2	,	8
220	,	8	,	4	,	8	,	40	,	12	,	0	,	5	,	3	,	8
221	,	8	,	6	,	6	,	15	,	36	,	0	,	1	,	4	,	8
222	,	6	,	5	,	7	,	29	,	26	,	1	,	2	,	4	,	8
223	,	11	,	3	,	7	,	24	,	11	,	0	,	3	,	2	,	8
224	,	6	,	4	,	0	,	25	,	1	,	0	,	0	,	2	,	8
225	,	9	,	6	,	6	,	28	,	6	,	4	,	0	,	2	,	8
226	,	8	,	7	,	5	,	32	,	2	,	0	,	0	,	5	,	8
227	,	5	,	5	,	5	,	18	,	2	,	0	,	7	,	0	,	8
228	,	5	,	2	,	2	,	21	,	11	,	0	,	0	,	2	,	8
229	,	10	,	5	,	3	,	14	,	4	,	0	,	11	,	4	,	8
230	,	9	,	2	,	4	,	10	,	7	,	0	,	5	,	5	,	8
231	,	7	,	3	,	4	,	26	,	7	,	0	,	0	,	1	,	8
232	,	1	,	4	,	1	,	27	,	12	,	0	,	0	,	4	,	8
233	,	4	,	3	,	6	,	26	,	1	,	0	,	0	,	6	,	8
234	,	8	,	4	,	7	,	39	,	3	,	4	,	1	,	1	,	8
235	,	3	,	3	,	0	,	23	,	3	,	0	,	0	,	6	,	8
236	,	3	,	3	,	4	,	15	,	7	,	1	,	0	,	1	,	8
237	,	9	,	3	,	8	,	11	,	2	,	0	,	0	,	3	,	8
238	,	4	,	3	,	8	,	19	,	4	,	1	,	4	,	5	,	8
239	,	4	,	2	,	2	,	21	,	3	,	0	,	0	,	0	,	8
240	,	9	,	2	,	1	,	18	,	2	,	0	,	11	,	0	,	8
241	,	7	,	7	,	6	,	37	,	3	,	0	,	6	,	2	,	8
242	,	9	,	1	,	2	,	14	,	4	,	0	,	1	,	1	,	8
243	,	5	,	1	,	2	,	9	,	4	,	0	,	1	,	0	,	8
244	,	6	,	6	,	5	,	23	,	3	,	0	,	1	,	5	,	8
245	,	5	,	4	,	5	,	31	,	2	,	0	,	0	,	3	,	9
246	,	9	,	4	,	5	,	10	,	25	,	0	,	5	,	2	,	9
247	,	5	,	4	,	7	,	54	,	5	,	0	,	4	,	4	,	9
248	,	8	,	4	,	0	,	31	,	10	,	0	,	4	,	5	,	9
249	,	3	,	4	,	2	,	34	,	8	,	2	,	2	,	4	,	9
250	,	5	,	1	,	1	,	33	,	14	,	3	,	0	,	3	,	9
251	,	2	,	2	,	3	,	38	,	14	,	0	,	0	,	3	,	9
252	,	6	,	3	,	4	,	33	,	8	,	1	,	0	,	0	,	9
253	,	5	,	4	,	3	,	26	,	11	,	2	,	10	,	3	,	9
254	,	8	,	11	,	10	,	34	,	9	,	0	,	4	,	3	,	9
255	,	3	,	7	,	7	,	57	,	8	,	0	,	10	,	4	,	9
256	,	7	,	6	,	4	,	24	,	10	,	0	,	8	,	4	,	9
257	,	7	,	6	,	4	,	32	,	13	,	0	,	2	,	0	,	9
258	,	6	,	4	,	3	,	24	,	7	,	0	,	8	,	2	,	9
259	,	3	,	7	,	2	,	38	,	31	,	0	,	3	,	1	,	9
260	,	2	,	1	,	4	,	26	,	17	,	0	,	3	,	0	,	9
261	,	7	,	4	,	2	,	56	,	11	,	0	,	5	,	4	,	9
262	,	6	,	7	,	2	,	24	,	4	,	0	,	8	,	1	,	9
263	,	4	,	3	,	2	,	31	,	11	,	2	,	0	,	1	,	9
264	,	5	,	3	,	3	,	33	,	14	,	0	,	4	,	1	,	9
265	,	8	,	4	,	3	,	20	,	12	,	0	,	3	,	2	,	9
266	,	6	,	2	,	2	,	29	,	6	,	0	,	4	,	3	,	9
267	,	2	,	7	,	6	,	28	,	13	,	3	,	7	,	1	,	9
268	,	2	,	4	,	6	,	61	,	8	,	0	,	1	,	1	,	9
269	,	6	,	4	,	3	,	61	,	3	,	0	,	10	,	2	,	9
270	,	6	,	1	,	4	,	58	,	4	,	2	,	4	,	1	,	9
271	,	7	,	5	,	7	,	52	,	17	,	3	,	1	,	3	,	9
272	,	14	,	2	,	5	,	65	,	3	,	0	,	0	,	4	,	9
273	,	7	,	2	,	4	,	51	,	4	,	0	,	1	,	1	,	9
274	,	7	,	5	,	3	,	23	,	5	,	0	,	10	,	3	,	9
275	,	7	,	8	,	1	,	54	,	5	,	0	,	4	,	2	,	10
276	,	17	,	4	,	10	,	81	,	6	,	0	,	18	,	3	,	10
277	,	3	,	5	,	3	,	60	,	2	,	2	,	17	,	3	,	10
278	,	6	,	3	,	6	,	48	,	8	,	0	,	10	,	3	,	10
279	,	4	,	4	,	4	,	78	,	8	,	0	,	1	,	1	,	10
280	,	4	,	4	,	6	,	44	,	4	,	0	,	3	,	0	,	10
281	,	4	,	4	,	6	,	48	,	4	,	0	,	0	,	1	,	10
282	,	7	,	6	,	5	,	53	,	2	,	0	,	6	,	5	,	10
283	,	7	,	5	,	6	,	88	,	2	,	0	,	9	,	1	,	10
284	,	2	,	5	,	5	,	32	,	1	,	0	,	3	,	1	,	10
285	,	7	,	2	,	12	,	53	,	55	,	1	,	8	,	1	,	10
286	,	8	,	2	,	2	,	46	,	18	,	1	,	17	,	2	,	10
287	,	5	,	4	,	3	,	42	,	20	,	0	,	3	,	2	,	10
288	,	7	,	4	,	3	,	39	,	22	,	0	,	9	,	1	,	10
289	,	4	,	6	,	3	,	47	,	16	,	1	,	13	,	1	,	10
290	,	8	,	5	,	10	,	89	,	3	,	0	,	6	,	5	,	10
291	,	2	,	5	,	5	,	51	,	1	,	0	,	9	,	1	,	10
292	,	3	,	5	,	9	,	42	,	9	,	3	,	7	,	3	,	10
293	,	4	,	7	,	5	,	27	,	11	,	0	,	2	,	1	,	10
294	,	2	,	6	,	6	,	53	,	2	,	0	,	2	,	2	,	10
295	,	9	,	4	,	0	,	41	,	5	,	0	,	6	,	2	,	10
296	,	7	,	3	,	4	,	30	,	3	,	0	,	10	,	4	,	10
297	,	12	,	6	,	4	,	51	,	10	,	0	,	11	,	2	,	10
298	,	3	,	3	,	8	,	37	,	1	,	1	,	2	,	1	,	10
299	,	4	,	5	,	5	,	62	,	10	,	0	,	7	,	0	,	10
300	,	2	,	2	,	6	,	28	,	10	,	0	,	2	,	1	,	10
301	,	7	,	2	,	3	,	32	,	10	,	2	,	4	,	0	,	10
302	,	7	,	4	,	6	,	34	,	9	,	0	,	5	,	0	,	10
303	,	15	,	5	,	6	,	79	,	23	,	0	,	9	,	5	,	10
304	,	5	,	10	,	6	,	73	,	5	,	0	,	0	,	2	,	10
305	,	3	,	4	,	3	,	44	,	6	,	0	,	17	,	5	,	10
306	,	2	,	2	,	4	,	26	,	18	,	0	,	6	,	3	,	11
307	,	4	,	4	,	4	,	42	,	1	,	0	,	2	,	3	,	11
308	,	2	,	1	,	3	,	43	,	3	,	0	,	0	,	1	,	11
309	,	8	,	4	,	4	,	24	,	14	,	1	,	6	,	4	,	11
310	,	8	,	3	,	6	,	35	,	9	,	0	,	0	,	2	,	11
311	,	8	,	4	,	3	,	42	,	3	,	2	,	11	,	5	,	11
312	,	5	,	3	,	6	,	35	,	9	,	0	,	5	,	1	,	11
313	,	7	,	2	,	8	,	20	,	19	,	2	,	8	,	3	,	11
314	,	2	,	6	,	1	,	25	,	18	,	0	,	4	,	0	,	11
315	,	7	,	6	,	7	,	31	,	5	,	2	,	12	,	3	,	11
316	,	11	,	2	,	4	,	33	,	6	,	0	,	1	,	1	,	11
317	,	8	,	4	,	7	,	57	,	10	,	0	,	1	,	1	,	11
318	,	6	,	11	,	4	,	60	,	0	,	0	,	5	,	1	,	11
319	,	10	,	5	,	4	,	51	,	5	,	3	,	1	,	1	,	11
320	,	5	,	0	,	4	,	30	,	27	,	5	,	5	,	1	,	11
321	,	4	,	3	,	4	,	39	,	5	,	0	,	10	,	1	,	11
322	,	5	,	3	,	6	,	41	,	0	,	0	,	1	,	1	,	11
323	,	1	,	4	,	6	,	31	,	7	,	1	,	2	,	2	,	11
324	,	5	,	3	,	4	,	35	,	3	,	0	,	3	,	2	,	11
325	,	7	,	4	,	5	,	26	,	3	,	0	,	0	,	2	,	11
326	,	1	,	3	,	5	,	30	,	1	,	0	,	13	,	3	,	11
327	,	4	,	5	,	1	,	23	,	3	,	2	,	7	,	2	,	11
328	,	3	,	4	,	4	,	44	,	5	,	0	,	0	,	1	,	11
329	,	9	,	4	,	6	,	28	,	2	,	0	,	10	,	3	,	11
330	,	7	,	5	,	7	,	21	,	20	,	4	,	5	,	1	,	11
331	,	3	,	5	,	4	,	36	,	9	,	3	,	12	,	2	,	11
332	,	9	,	6	,	4	,	61	,	5	,	0	,	1	,	0	,	11
333	,	5	,	1	,	2	,	23	,	5	,	0	,	12	,	0	,	11
334	,	6	,	6	,	3	,	46	,	6	,	2	,	0	,	0	,	11
335	,	3	,	3	,	4	,	25	,	13	,	0	,	7	,	0	,	11
336	,	5	,	2	,	2	,	56	,	8	,	0	,	9	,	0	,	12
337	,	6	,	1	,	3	,	43	,	14	,	0	,	26	,	0	,	12
338	,	3	,	3	,	3	,	43	,	2	,	0	,	1	,	4	,	12
339	,	7	,	9	,	3	,	67	,	4	,	0	,	0	,	0	,	12
340	,	10	,	2	,	4	,	23	,	6	,	1	,	13	,	2	,	12
341	,	6	,	5	,	4	,	27	,	4	,	0	,	20	,	1	,	12
342	,	4	,	3	,	2	,	47	,	8	,	3	,	7	,	3	,	12
343	,	6	,	2	,	5	,	36	,	9	,	0	,	2	,	0	,	12
344	,	6	,	2	,	4	,	35	,	2	,	0	,	0	,	2	,	12
345	,	7	,	6	,	10	,	45	,	1	,	0	,	15	,	2	,	12
346	,	3	,	5	,	9	,	62	,	7	,	0	,	14	,	1	,	12
347	,	4	,	2	,	3	,	45	,	28	,	3	,	21	,	4	,	12
348	,	1	,	4	,	5	,	44	,	0	,	0	,	18	,	0	,	12
349	,	6	,	4	,	6	,	32	,	21	,	0	,	10	,	1	,	12
350	,	10	,	3	,	1	,	23	,	8	,	0	,	5	,	1	,	12
351	,	7	,	6	,	2	,	40	,	8	,	3	,	23	,	1	,	12
352	,	6	,	3	,	4	,	60	,	10	,	0	,	6	,	1	,	12
353	,	2	,	5	,	4	,	61	,	13	,	0	,	5	,	1	,	12
354	,	0	,	0	,	0	,	0	,	0	,	0	,	0	,	0	,	12
355	,	6	,	4	,	4	,	46	,	12	,	2	,	1	,	0	,	12
356	,	1	,	3	,	0	,	37	,	5	,	0	,	6	,	3	,	12
357	,	4	,	4	,	4	,	38	,	1	,	0	,	5	,	0	,	12
358	,	5	,	5	,	1	,	32	,	6	,	0	,	8	,	2	,	12
359	,	6	,	7	,	4	,	82	,	4	,	1	,	2	,	1	,	12
360	,	2	,	8	,	6	,	80	,	0	,	0	,	9	,	1	,	12
361	,	10	,	5	,	2	,	59	,	6	,	0	,	2	,	2	,	12
362	,	6	,	5	,	0	,	54	,	8	,	2	,	13	,	0	,	12
363	,	4	,	6	,	6	,	57	,	7	,	0	,	13	,	0	,	12
364	,	11	,	6	,	6	,	81	,	4	,	3	,	6	,	2	,	12
365	,	6	,	9	,	7	,	161	,	13	,	0	,	3	,	0	,	12
366	,	8	,	8	,	7	,	109	,	7	,	0	,	12	,	0	,	12
367	,	4	,	4	,	2	,	26	,	9	,	2	,	6	,	1	,	1
368	,	0	,	1	,	1	,	32	,	0	,	1	,	3	,	3	,	1
369	,	6	,	6	,	5	,	67	,	9	,	0	,	7	,	2	,	1
370	,	7	,	6	,	6	,	57	,	10	,	1	,	5	,	3	,	1
371	,	8	,	8	,	5	,	62	,	15	,	0	,	11	,	3	,	1
372	,	5	,	3	,	6	,	66	,	11	,	0	,	15	,	3	,	1
373	,	3	,	5	,	6	,	35	,	9	,	0	,	3	,	0	,	1
374	,	5	,	2	,	5	,	25	,	10	,	2	,	3	,	2	,	1
375	,	4	,	4	,	3	,	56	,	9	,	0	,	2	,	2	,	1
376	,	6	,	5	,	13	,	54	,	25	,	2	,	8	,	1	,	1
377	,	9	,	6	,	9	,	51	,	20	,	1	,	2	,	3	,	1
378	,	8	,	5	,	9	,	66	,	14	,	1	,	5	,	2	,	1
379	,	7	,	4	,	10	,	54	,	20	,	0	,	3	,	1	,	1
380	,	6	,	4	,	8	,	48	,	17	,	1	,	5	,	2	,	1
381	,	8	,	7	,	9	,	39	,	15	,	0	,	8	,	1	,	1
382	,	7	,	4	,	8	,	64	,	13	,	0	,	7	,	2	,	1
383	,	7	,	4	,	5	,	48	,	13	,	2	,	4	,	3	,	1
384	,	7	,	4	,	7	,	46	,	17	,	1	,	6	,	1	,	1
385	,	5	,	6	,	8	,	38	,	16	,	0	,	3	,	3	,	1
386	,	4	,	5	,	4	,	38	,	23	,	3	,	13	,	3	,	1
387	,	6	,	2	,	5	,	50	,	15	,	2	,	5	,	3	,	1
388	,	5	,	5	,	5	,	37	,	19	,	1	,	9	,	2	,	1
389	,	5	,	5	,	6	,	42	,	16	,	1	,	3	,	2	,	1
390	,	6	,	6	,	11	,	40	,	11	,	0	,	10	,	3	,	1
391	,	8	,	5	,	8	,	51	,	19	,	2	,	14	,	2	,	1
392	,	6	,	5	,	7	,	37	,	14	,	1	,	8	,	0	,	1
393	,	8	,	8	,	5	,	43	,	21	,	2	,	10	,	1	,	1
394	,	6	,	6	,	2	,	32	,	9	,	0	,	2	,	1	,	1
395	,	5	,	8	,	5	,	54	,	16	,	3	,	10	,	3	,	1
396	,	8	,	6	,	7	,	36	,	17	,	4	,	7	,	4	,	1
397	,	4	,	4	,	3	,	47	,	13	,	1	,	3	,	2	,	1
398	,	7	,	5	,	6	,	32	,	11	,	0	,	8	,	2	,	2
399	,	8	,	6	,	6	,	42	,	9	,	0	,	0	,	1	,	2
400	,	8	,	6	,	9	,	43	,	16	,	3	,	7	,	1	,	2
401	,	8	,	4	,	4	,	28	,	12	,	1	,	8	,	4	,	2
402	,	11	,	11	,	5	,	39	,	1	,	0	,	11	,	1	,	2
403	,	10	,	5	,	4	,	13	,	3	,	2	,	5	,	0	,	2
404	,	3	,	0	,	4	,	14	,	3	,	0	,	7	,	2	,	2
405	,	11	,	2	,	4	,	36	,	7	,	0	,	10	,	2	,	2
406	,	4	,	2	,	4	,	20	,	6	,	0	,	0	,	1	,	2
407	,	4	,	3	,	5	,	23	,	5	,	0	,	2	,	0	,	2
408	,	5	,	6	,	5	,	12	,	11	,	1	,	1	,	3	,	2
409	,	10	,	11	,	8	,	27	,	4	,	0	,	2	,	1	,	2
410	,	0	,	0	,	0	,	0	,	0	,	0	,	0	,	0	,	2
411	,	4	,	5	,	2	,	22	,	0	,	0	,	1	,	1	,	2
412	,	6	,	3	,	2	,	19	,	1	,	0	,	1	,	1	,	2
413	,	4	,	5	,	1	,	32	,	2	,	0	,	0	,	3	,	2
414	,	3	,	3	,	2	,	12	,	4	,	0	,	8	,	1	,	2
415	,	7	,	4	,	2	,	30	,	10	,	0	,	0	,	3	,	2
416	,	3	,	4	,	2	,	13	,	1	,	0	,	8	,	1	,	2
417	,	5	,	4	,	5	,	33	,	2	,	0	,	1	,	3	,	2
418	,	5	,	4	,	4	,	23	,	14	,	0	,	8	,	1	,	2
419	,	4	,	2	,	7	,	21	,	9	,	0	,	5	,	0	,	2
420	,	7	,	6	,	4	,	24	,	5	,	1	,	8	,	2	,	2
421	,	1	,	5	,	4	,	30	,	10	,	1	,	7	,	1	,	2
422	,	6	,	6	,	5	,	24	,	7	,	0	,	2	,	0	,	2
423	,	5	,	5	,	3	,	16	,	3	,	0	,	5	,	1	,	2
424	,	6	,	4	,	7	,	16	,	14	,	0	,	7	,	2	,	2
425	,	5	,	5	,	8	,	26	,	9	,	2	,	18	,	0	,	2
426	,	4	,	5	,	5	,	15	,	17	,	0	,	5	,	2	,	3
427	,	5	,	7	,	3	,	13	,	1	,	1	,	1	,	2	,	3
428	,	9	,	3	,	4	,	13	,	9	,	1	,	6	,	4	,	3
429	,	5	,	4	,	3	,	17	,	0	,	0	,	5	,	5	,	3
430	,	12	,	4	,	5	,	34	,	3	,	0	,	6	,	5	,	3
431	,	7	,	2	,	1	,	20	,	1	,	0	,	0	,	3	,	3
432	,	2	,	5	,	7	,	15	,	4	,	0	,	0	,	2	,	3
433	,	1	,	2	,	0	,	15	,	4	,	0	,	0	,	3	,	3
434	,	11	,	2	,	6	,	27	,	6	,	1	,	0	,	3	,	3
435	,	2	,	4	,	5	,	26	,	8	,	1	,	0	,	1	,	3
436	,	6	,	4	,	6	,	20	,	2	,	1	,	5	,	4	,	3
437	,	8	,	7	,	2	,	48	,	6	,	4	,	15	,	2	,	3
438	,	2	,	1	,	3	,	18	,	2	,	0	,	10	,	0	,	3
439	,	3	,	1	,	3	,	15	,	5	,	0	,	5	,	1	,	3
440	,	4	,	2	,	3	,	15	,	4	,	0	,	0	,	0	,	3
441	,	6	,	4	,	5	,	28	,	4	,	0	,	1	,	3	,	3
442	,	4	,	3	,	0	,	11	,	14	,	0	,	3	,	3	,	3
443	,	5	,	4	,	4	,	20	,	3	,	0	,	1	,	1	,	3
444	,	10	,	4	,	2	,	39	,	3	,	0	,	5	,	3	,	3
445	,	2	,	7	,	5	,	16	,	3	,	0	,	7	,	3	,	3
446	,	9	,	2	,	2	,	13	,	4	,	0	,	1	,	5	,	3
447	,	2	,	5	,	2	,	16	,	7	,	0	,	2	,	2	,	3
448	,	7	,	2	,	1	,	13	,	8	,	0	,	6	,	4	,	3
449	,	2	,	3	,	5	,	12	,	7	,	0	,	5	,	6	,	3
450	,	10	,	5	,	1	,	33	,	3	,	0	,	0	,	4	,	3
451	,	5	,	5	,	3	,	18	,	4	,	0	,	10	,	8	,	3
452	,	5	,	3	,	4	,	15	,	5	,	0	,	1	,	4	,	3
453	,	3	,	3	,	7	,	22	,	14	,	0	,	0	,	6	,	3
454	,	6	,	1	,	4	,	13	,	3	,	0	,	7	,	5	,	3
455	,	1	,	3	,	5	,	10	,	9	,	0	,	0	,	2	,	3
456	,	4	,	2	,	4	,	22	,	2	,	0	,	2	,	6	,	3
457	,	2	,	2	,	2	,	34	,	2	,	0	,	1	,	3	,	4
458	,	7	,	4	,	4	,	23	,	4	,	0	,	9	,	12	,	4
459	,	6	,	1	,	6	,	26	,	8	,	0	,	20	,	3	,	4
460	,	0	,	1	,	2	,	8	,	2	,	0	,	5	,	6	,	4
461	,	5	,	0	,	0	,	14	,	9	,	2	,	6	,	1	,	4
462	,	5	,	1	,	3	,	11	,	4	,	1	,	0	,	1	,	4
463	,	4	,	4	,	2	,	16	,	5	,	0	,	5	,	5	,	4
464	,	8	,	9	,	2	,	23	,	3	,	0	,	11	,	6	,	4
465	,	5	,	5	,	8	,	22	,	3	,	0	,	0	,	1	,	4
466	,	9	,	1	,	1	,	28	,	1	,	0	,	4	,	4	,	4
467	,	4	,	2	,	3	,	17	,	5	,	0	,	11	,	1	,	4
468	,	12	,	3	,	3	,	11	,	10	,	2	,	10	,	4	,	4
469	,	5	,	2	,	2	,	31	,	1	,	0	,	2	,	5	,	4
470	,	7	,	5	,	5	,	13	,	3	,	0	,	16	,	4	,	4
471	,	12	,	1	,	4	,	27	,	1	,	0	,	15	,	5	,	4
472	,	0	,	0	,	0	,	0	,	0	,	0	,	0	,	0	,	4
473	,	4	,	4	,	2	,	18	,	1	,	0	,	5	,	1	,	4
474	,	7	,	5	,	6	,	15	,	8	,	1	,	2	,	2	,	4
475	,	1	,	3	,	5	,	14	,	2	,	0	,	0	,	1	,	4
476	,	5	,	2	,	5	,	9	,	10	,	0	,	7	,	2	,	4
477	,	4	,	2	,	2	,	29	,	3	,	0	,	2	,	3	,	4
478	,	3	,	5	,	3	,	19	,	7	,	1	,	1	,	2	,	4
479	,	9	,	5	,	4	,	26	,	7	,	0	,	1	,	5	,	4
480	,	9	,	4	,	8	,	13	,	9	,	0	,	1	,	5	,	4
481	,	8	,	3	,	2	,	24	,	4	,	0	,	26	,	5	,	4
482	,	3	,	4	,	4	,	10	,	3	,	0	,	1	,	8	,	4
483	,	3	,	4	,	2	,	11	,	10	,	1	,	0	,	10	,	4
484	,	3	,	4	,	5	,	15	,	2	,	0	,	7	,	7	,	4
485	,	5	,	9	,	2	,	15	,	3	,	1	,	1	,	8	,	4
486	,	1	,	4	,	2	,	18	,	2	,	0	,	12	,	2	,	4
487	,	0	,	1	,	1	,	1	,	0	,	0	,	0	,	1	,	5
488	,	2	,	6	,	1	,	23	,	5	,	0	,	6	,	5	,	5
489	,	1	,	3	,	6	,	18	,	6	,	0	,	20	,	2	,	5
490	,	6	,	6	,	1	,	12	,	4	,	0	,	2	,	4	,	5
491	,	2	,	5	,	1	,	7	,	8	,	0	,	12	,	3	,	5
492	,	7	,	2	,	4	,	14	,	4	,	0	,	0	,	6	,	5
493	,	6	,	4	,	5	,	18	,	3	,	0	,	4	,	4	,	5
494	,	2	,	4	,	1	,	8	,	8	,	3	,	1	,	6	,	5
495	,	7	,	4	,	4	,	11	,	4	,	0	,	2	,	3	,	5
496	,	9	,	0	,	9	,	15	,	4	,	0	,	14	,	7	,	5
497	,	6	,	7	,	3	,	16	,	6	,	2	,	1	,	10	,	5
498	,	5	,	5	,	6	,	16	,	4	,	9	,	0	,	6	,	5
499	,	5	,	2	,	6	,	12	,	4	,	0	,	1	,	7	,	5
500	,	5	,	2	,	3	,	32	,	6	,	0	,	5	,	2	,	5
501	,	5	,	5	,	2	,	17	,	0	,	3	,	3	,	7	,	5
502	,	2	,	6	,	2	,	16	,	2	,	0	,	6	,	7	,	5
503	,	6	,	5	,	0	,	9	,	5	,	0	,	0	,	2	,	5
504	,	3	,	5	,	4	,	28	,	4	,	0	,	0	,	3	,	5
505	,	4	,	3	,	2	,	32	,	11	,	0	,	0	,	10	,	5
506	,	4	,	5	,	0	,	16	,	5	,	0	,	6	,	6	,	5
507	,	6	,	3	,	1	,	32	,	5	,	0	,	12	,	4	,	5
508	,	5	,	1	,	4	,	22	,	5	,	0	,	7	,	11	,	5
509	,	3	,	2	,	5	,	11	,	9	,	0	,	2	,	7	,	5
510	,	7	,	3	,	3	,	14	,	9	,	0	,	4	,	5	,	5
511	,	6	,	5	,	2	,	18	,	3	,	0	,	2	,	4	,	5
512	,	2	,	4	,	5	,	29	,	4	,	0	,	8	,	2	,	5
513	,	7	,	3	,	2	,	23	,	5	,	0	,	0	,	10	,	5
514	,	2	,	6	,	2	,	11	,	2	,	0	,	0	,	3	,	5
515	,	3	,	4	,	2	,	28	,	4	,	2	,	4	,	5	,	5
516	,	8	,	3	,	4	,	25	,	3	,	0	,	5	,	5	,	5
517	,	4	,	2	,	7	,	12	,	6	,	4	,	1	,	5	,	5
518	,	1	,	4	,	2	,	21	,	10	,	0	,	2	,	2	,	6
519	,	2	,	4	,	4	,	17	,	9	,	1	,	5	,	3	,	6
520	,	5	,	2	,	3	,	10	,	3	,	1	,	22	,	2	,	6
521	,	7	,	2	,	2	,	23	,	3	,	1	,	5	,	4	,	6
522	,	3	,	6	,	5	,	10	,	5	,	0	,	0	,	8	,	6
523	,	1	,	3	,	0	,	18	,	3	,	0	,	6	,	8	,	6
524	,	5	,	5	,	4	,	21	,	13	,	0	,	20	,	7	,	6
525	,	5	,	2	,	3	,	21	,	4	,	0	,	2	,	4	,	6
526	,	1	,	4	,	3	,	10	,	2	,	0	,	0	,	6	,	6
527	,	9	,	7	,	4	,	15	,	2	,	0	,	7	,	3	,	6
528	,	6	,	4	,	9	,	28	,	8	,	0	,	2	,	3	,	6
529	,	4	,	3	,	1	,	14	,	3	,	0	,	13	,	12	,	6
530	,	3	,	3	,	3	,	8	,	9	,	0	,	0	,	9	,	6
531	,	1	,	1	,	1	,	9	,	6	,	3	,	5	,	3	,	6
532	,	3	,	4	,	3	,	15	,	10	,	0	,	5	,	7	,	6
533	,	4	,	2	,	0	,	12	,	6	,	0	,	0	,	5	,	6
534	,	2	,	9	,	5	,	12	,	4	,	0	,	5	,	5	,	6
535	,	4	,	7	,	1	,	27	,	2	,	0	,	12	,	3	,	6
536	,	1	,	2	,	1	,	18	,	1	,	1	,	8	,	3	,	6
537	,	9	,	1	,	5	,	12	,	5	,	0	,	5	,	9	,	6
538	,	4	,	1	,	2	,	21	,	4	,	0	,	2	,	5	,	6
539	,	1	,	3	,	0	,	7	,	4	,	0	,	8	,	11	,	6
540	,	1	,	1	,	2	,	16	,	5	,	0	,	0	,	1	,	6
541	,	5	,	4	,	6	,	32	,	8	,	1	,	0	,	1	,	6
542	,	7	,	2	,	6	,	22	,	4	,	0	,	0	,	5	,	6
543	,	8	,	3	,	6	,	10	,	11	,	0	,	0	,	3	,	6
544	,	4	,	3	,	6	,	14	,	9	,	0	,	3	,	6	,	6
545	,	4	,	4	,	5	,	18	,	7	,	0	,	5	,	3	,	6
546	,	4	,	4	,	6	,	17	,	1	,	0	,	21	,	5	,	6
547	,	7	,	2	,	2	,	18	,	2	,	0	,	0	,	6	,	6
548	,	3	,	2	,	1	,	10	,	5	,	0	,	10	,	4	,	7
549	,	5	,	4	,	2	,	9	,	6	,	0	,	0	,	4	,	7
550	,	4	,	0	,	2	,	8	,	11	,	0	,	11	,	0	,	7
551	,	11	,	2	,	5	,	18	,	7	,	0	,	0	,	6	,	7
552	,	5	,	2	,	2	,	16	,	20	,	0	,	22	,	6	,	7
553	,	4	,	7	,	4	,	21	,	3	,	1	,	1	,	1	,	7
554	,	5	,	2	,	4	,	17	,	6	,	0	,	1	,	0	,	7
555	,	5	,	4	,	5	,	16	,	12	,	0	,	1	,	3	,	7
556	,	2	,	7	,	1	,	15	,	4	,	0	,	1	,	4	,	7
557	,	2	,	4	,	4	,	12	,	5	,	2	,	7	,	3	,	7
558	,	3	,	1	,	0	,	18	,	2	,	0	,	7	,	2	,	7
559	,	2	,	5	,	0	,	15	,	12	,	0	,	3	,	0	,	7
560	,	3	,	3	,	2	,	10	,	5	,	3	,	3	,	2	,	7
561	,	2	,	4	,	2	,	16	,	8	,	0	,	5	,	3	,	7
562	,	3	,	9	,	3	,	21	,	3	,	0	,	0	,	2	,	7
563	,	11	,	9	,	3	,	19	,	6	,	0	,	0	,	1	,	7
564	,	9	,	5	,	3	,	16	,	6	,	2	,	4	,	3	,	7
565	,	10	,	6	,	2	,	14	,	8	,	0	,	20	,	4	,	7
566	,	6	,	4	,	4	,	21	,	6	,	3	,	1	,	6	,	7
567	,	5	,	4	,	3	,	18	,	11	,	2	,	2	,	2	,	7
568	,	2	,	1	,	3	,	14	,	5	,	0	,	0	,	3	,	7
569	,	3	,	6	,	5	,	22	,	3	,	1	,	0	,	2	,	7
570	,	7	,	2	,	2	,	12	,	4	,	0	,	4	,	5	,	7
571	,	4	,	1	,	2	,	15	,	6	,	0	,	0	,	3	,	7
572	,	6	,	2	,	2	,	14	,	5	,	0	,	6	,	0	,	7
573	,	3	,	7	,	3	,	15	,	11	,	1	,	1	,	1	,	7
574	,	5	,	1	,	0	,	12	,	8	,	0	,	0	,	1	,	7
575	,	4	,	5	,	1	,	17	,	10	,	0	,	0	,	3	,	7
576	,	3	,	3	,	2	,	14	,	1	,	0	,	0	,	4	,	7
577	,	4	,	3	,	2	,	13	,	11	,	0	,	0	,	1	,	7
578	,	7	,	1	,	2	,	21	,	9	,	0	,	5	,	2	,	7
579	,	7	,	3	,	2	,	16	,	3	,	0	,	1	,	1	,	8
580	,	6	,	3	,	1	,	25	,	2	,	0	,	1	,	4	,	8
581	,	6	,	1	,	4	,	10	,	8	,	0	,	1	,	3	,	8
582	,	8	,	4	,	1	,	15	,	11	,	2	,	5	,	2	,	8
583	,	5	,	2	,	2	,	13	,	2	,	0	,	0	,	2	,	8
584	,	2	,	3	,	1	,	13	,	6	,	0	,	0	,	3	,	8
585	,	1	,	5	,	3	,	16	,	9	,	2	,	0	,	0	,	8
586	,	6	,	2	,	2	,	11	,	8	,	0	,	0	,	4	,	8
587	,	2	,	5	,	3	,	13	,	15	,	0	,	2	,	2	,	8
588	,	0	,	4	,	4	,	9	,	19	,	0	,	3	,	1	,	8
589	,	4	,	2	,	5	,	8	,	6	,	3	,	0	,	0	,	8
590	,	3	,	5	,	3	,	23	,	4	,	0	,	6	,	2	,	8
591	,	4	,	4	,	2	,	24	,	5	,	0	,	1	,	1	,	8
592	,	11	,	2	,	4	,	13	,	4	,	0	,	0	,	2	,	8
593	,	2	,	7	,	2	,	35	,	11	,	0	,	2	,	3	,	8
594	,	5	,	4	,	1	,	10	,	13	,	0	,	4	,	2	,	8
595	,	5	,	1	,	5	,	12	,	8	,	0	,	1	,	2	,	8
596	,	2	,	4	,	3	,	15	,	4	,	0	,	0	,	3	,	8
597	,	5	,	5	,	3	,	16	,	10	,	0	,	11	,	2	,	8
598	,	4	,	2	,	6	,	14	,	6	,	0	,	2	,	1	,	8
599	,	9	,	3	,	2	,	19	,	4	,	0	,	0	,	0	,	8
600	,	6	,	1	,	3	,	22	,	3	,	0	,	0	,	2	,	8
601	,	3	,	2	,	2	,	42	,	8	,	0	,	9	,	3	,	8
602	,	8	,	9	,	2	,	27	,	13	,	0	,	1	,	3	,	8
603	,	6	,	3	,	1	,	20	,	17	,	0	,	0	,	1	,	8
604	,	5	,	4	,	1	,	19	,	10	,	0	,	6	,	2	,	8
605	,	3	,	5	,	1	,	21	,	5	,	2	,	7	,	1	,	8
606	,	8	,	7	,	5	,	16	,	12	,	0	,	1	,	3	,	8
607	,	7	,	3	,	4	,	17	,	5	,	0	,	11	,	2	,	8
608	,	8	,	4	,	3	,	17	,	4	,	3	,	0	,	2	,	8
609	,	17	,	3	,	3	,	17	,	4	,	0	,	0	,	1	,	8
610	,	3	,	3	,	5	,	21	,	8	,	0	,	2	,	0	,	9
611	,	6	,	2	,	6	,	18	,	8	,	0	,	1	,	3	,	9
612	,	7	,	5	,	2	,	18	,	7	,	0	,	1	,	3	,	9
613	,	7	,	3	,	6	,	24	,	7	,	0	,	0	,	3	,	9
614	,	6	,	4	,	4	,	19	,	7	,	1	,	2	,	1	,	9
615	,	4	,	3	,	5	,	32	,	6	,	0	,	3	,	3	,	9
616	,	3	,	1	,	3	,	18	,	2	,	0	,	0	,	2	,	9
617	,	9	,	7	,	3	,	34	,	8	,	0	,	3	,	4	,	9
618	,	6	,	8	,	3	,	20	,	7	,	0	,	0	,	4	,	9
619	,	3	,	5	,	1	,	36	,	7	,	0	,	0	,	4	,	9
620	,	2	,	3	,	2	,	12	,	16	,	0	,	0	,	2	,	9
621	,	1	,	4	,	5	,	18	,	6	,	1	,	1	,	2	,	9
622	,	4	,	1	,	2	,	25	,	16	,	0	,	5	,	0	,	9
623	,	5	,	5	,	5	,	22	,	6	,	0	,	9	,	5	,	9
624	,	3	,	3	,	3	,	16	,	12	,	1	,	8	,	3	,	9
625	,	7	,	3	,	3	,	27	,	11	,	0	,	0	,	1	,	9
626	,	5	,	4	,	4	,	32	,	6	,	1	,	7	,	5	,	9
627	,	9	,	4	,	1	,	27	,	7	,	0	,	1	,	2	,	9
628	,	3	,	6	,	1	,	43	,	6	,	2	,	6	,	9	,	9
629	,	2	,	2	,	0	,	35	,	6	,	0	,	6	,	0	,	9
630	,	7	,	4	,	1	,	20	,	8	,	2	,	0	,	1	,	9
631	,	5	,	2	,	3	,	28	,	2	,	0	,	0	,	3	,	9
632	,	10	,	7	,	3	,	14	,	12	,	2	,	0	,	2	,	9
633	,	4	,	5	,	2	,	52	,	7	,	1	,	6	,	1	,	9
634	,	1	,	3	,	1	,	39	,	7	,	3	,	26	,	1	,	9
635	,	2	,	6	,	2	,	39	,	4	,	0	,	6	,	1	,	9
636	,	4	,	2	,	3	,	38	,	7	,	3	,	3	,	0	,	9
637	,	3	,	3	,	3	,	38	,	3	,	0	,	10	,	0	,	9
638	,	1	,	5	,	3	,	35	,	8	,	6	,	5	,	1	,	9
639	,	5	,	3	,	3	,	62	,	6	,	0	,	28	,	0	,	9
640	,	4	,	6	,	3	,	72	,	7	,	1	,	20	,	1	,	10
641	,	8	,	2	,	3	,	18	,	3	,	1	,	0	,	0	,	10
642	,	0	,	2	,	3	,	57	,	21	,	3	,	5	,	2	,	10
643	,	2	,	4	,	4	,	37	,	6	,	0	,	2	,	1	,	10
644	,	5	,	4	,	5	,	41	,	5	,	0	,	11	,	2	,	10
645	,	4	,	5	,	1	,	40	,	7	,	0	,	6	,	2	,	10
646	,	4	,	2	,	2	,	35	,	4	,	0	,	10	,	1	,	10
647	,	9	,	3	,	5	,	77	,	2	,	0	,	15	,	4	,	10
648	,	0	,	0	,	0	,	0	,	0	,	0	,	0	,	0	,	10
649	,	10	,	3	,	2	,	25	,	8	,	0	,	11	,	3	,	10
650	,	4	,	1	,	5	,	39	,	2	,	0	,	6	,	3	,	10
651	,	4	,	2	,	2	,	41	,	9	,	0	,	1	,	2	,	10
652	,	5	,	1	,	1	,	38	,	8	,	2	,	3	,	4	,	10
653	,	5	,	4	,	4	,	42	,	9	,	1	,	20	,	0	,	10
654	,	6	,	7	,	1	,	37	,	5	,	0	,	11	,	2	,	10
655	,	2	,	1	,	0	,	45	,	9	,	0	,	2	,	2	,	10
656	,	3	,	2	,	6	,	26	,	9	,	2	,	6	,	1	,	10
657	,	5	,	1	,	1	,	53	,	15	,	0	,	1	,	1	,	10
658	,	4	,	6	,	5	,	26	,	8	,	0	,	13	,	0	,	10
659	,	3	,	4	,	3	,	36	,	15	,	0	,	8	,	0	,	10
660	,	3	,	4	,	3	,	25	,	9	,	3	,	5	,	4	,	10
661	,	8	,	5	,	5	,	58	,	8	,	0	,	9	,	2	,	10
662	,	3	,	1	,	2	,	29	,	4	,	0	,	28	,	1	,	10
663	,	2	,	2	,	10	,	65	,	3	,	0	,	10	,	1	,	10
664	,	6	,	3	,	5	,	27	,	4	,	0	,	1	,	1	,	10
665	,	1	,	1	,	2	,	38	,	9	,	1	,	5	,	2	,	10
666	,	6	,	2	,	6	,	26	,	14	,	1	,	21	,	2	,	10
667	,	5	,	2	,	4	,	24	,	11	,	0	,	7	,	3	,	10
668	,	8	,	2	,	1	,	36	,	3	,	0	,	1	,	2	,	10
669	,	2	,	4	,	2	,	33	,	7	,	0	,	9	,	1	,	10
670	,	4	,	1	,	4	,	38	,	2	,	0	,	0	,	1	,	10
671	,	1	,	3	,	2	,	23	,	5	,	0	,	3	,	1	,	11
672	,	4	,	2	,	2	,	22	,	5	,	0	,	11	,	3	,	11
673	,	2	,	8	,	4	,	37	,	10	,	3	,	6	,	1	,	11
674	,	10	,	7	,	6	,	33	,	5	,	0	,	1	,	3	,	11
675	,	6	,	6	,	1	,	35	,	1	,	0	,	5	,	2	,	11
676	,	8	,	3	,	2	,	20	,	11	,	3	,	8	,	1	,	11
677	,	1	,	4	,	7	,	20	,	4	,	0	,	0	,	2	,	11
678	,	6	,	1	,	2	,	9	,	1	,	0	,	5	,	1	,	11
679	,	3	,	4	,	0	,	29	,	2	,	0	,	11	,	1	,	11
680	,	9	,	7	,	6	,	34	,	9	,	0	,	22	,	2	,	11
681	,	9	,	3	,	4	,	32	,	8	,	0	,	2	,	0	,	11
682	,	5	,	4	,	6	,	40	,	9	,	0	,	3	,	2	,	11
683	,	9	,	2	,	4	,	44	,	5	,	0	,	5	,	0	,	11
684	,	3	,	1	,	2	,	7	,	14	,	0	,	19	,	1	,	11
685	,	5	,	3	,	8	,	17	,	8	,	3	,	0	,	1	,	11
686	,	5	,	2	,	3	,	18	,	3	,	0	,	1	,	1	,	11
687	,	3	,	5	,	3	,	34	,	5	,	0	,	30	,	2	,	11
688	,	5	,	8	,	2	,	43	,	2	,	0	,	8	,	1	,	11
689	,	4	,	7	,	1	,	29	,	3	,	0	,	6	,	3	,	11
690	,	2	,	5	,	2	,	29	,	10	,	0	,	2	,	0	,	11
691	,	13	,	1	,	1	,	22	,	5	,	0	,	2	,	1	,	11
692	,	2	,	4	,	1	,	26	,	20	,	0	,	1	,	1	,	11
693	,	9	,	6	,	6	,	34	,	14	,	0	,	0	,	3	,	11
694	,	8	,	3	,	5	,	34	,	5	,	2	,	2	,	0	,	11
695	,	5	,	6	,	4	,	27	,	8	,	0	,	2	,	0	,	11
696	,	6	,	6	,	1	,	31	,	2	,	1	,	12	,	2	,	11
697	,	1	,	4	,	6	,	35	,	4	,	0	,	7	,	3	,	11
698	,	5	,	1	,	5	,	41	,	5	,	3	,	8	,	3	,	11
699	,	6	,	2	,	4	,	33	,	7	,	0	,	5	,	3	,	11
700	,	6	,	1	,	3	,	30	,	2	,	0	,	9	,	3	,	11
701	,	10	,	8	,	1	,	25	,	3	,	0	,	5	,	2	,	12
702	,	4	,	4	,	5	,	22	,	11	,	0	,	0	,	2	,	12
703	,	5	,	6	,	3	,	33	,	3	,	0	,	6	,	2	,	12
704	,	1	,	2	,	4	,	16	,	3	,	0	,	13	,	3	,	12
705	,	4	,	3	,	4	,	17	,	1	,	0	,	6	,	2	,	12
706	,	4	,	4	,	2	,	29	,	12	,	0	,	6	,	1	,	12
707	,	3	,	3	,	5	,	25	,	8	,	0	,	7	,	1	,	12
708	,	5	,	3	,	4	,	44	,	5	,	1	,	7	,	2	,	12
709	,	5	,	2	,	5	,	37	,	14	,	0	,	7	,	2	,	12
710	,	5	,	3	,	5	,	48	,	7	,	0	,	18	,	2	,	12
711	,	8	,	6	,	6	,	34	,	10	,	0	,	6	,	1	,	12
712	,	1	,	5	,	3	,	44	,	6	,	1	,	12	,	2	,	12
713	,	4	,	3	,	2	,	29	,	9	,	0	,	0	,	1	,	12
714	,	3	,	3	,	3	,	30	,	5	,	0	,	0	,	3	,	12
715	,	4	,	5	,	3	,	29	,	6	,	0	,	0	,	1	,	12
716	,	11	,	6	,	3	,	37	,	6	,	1	,	1	,	2	,	12
717	,	7	,	0	,	5	,	37	,	11	,	0	,	15	,	2	,	12
718	,	1	,	5	,	6	,	32	,	7	,	0	,	8	,	0	,	12
719	,	0	,	0	,	0	,	0	,	0	,	0	,	0	,	0	,	12
720	,	2	,	3	,	3	,	27	,	3	,	0	,	11	,	2	,	12
721	,	2	,	3	,	4	,	23	,	5	,	0	,	6	,	0	,	12
722	,	6	,	3	,	2	,	26	,	13	,	0	,	1	,	2	,	12
723	,	6	,	5	,	6	,	28	,	6	,	0	,	1	,	1	,	12
724	,	8	,	3	,	2	,	32	,	4	,	0	,	5	,	1	,	12
725	,	1	,	1	,	4	,	16	,	4	,	0	,	6	,	2	,	12
726	,	3	,	5	,	4	,	57	,	9	,	0	,	9	,	2	,	12
727	,	7	,	5	,	5	,	33	,	9	,	0	,	3	,	0	,	12
728	,	7	,	3	,	5	,	35	,	12	,	3	,	24	,	1	,	12
729	,	9	,	2	,	3	,	41	,	17	,	0	,	11	,	2	,	12
730	,	9	,	8	,	4	,	50	,	8	,	0	,	10	,	3	,	12
731	,	14	,	10	,	5	,	70	,	9	,	0	,	0	,	1	,	12
732	,	0	,	0	,	0	,	0	,	0	,	0	,	0	,	0	,	1
733	,	1	,	5	,	2	,	38	,	3	,	0	,	2	,	2	,	1
734	,	5	,	2	,	3	,	54	,	4	,	0	,	10	,	3	,	1
735	,	6	,	1	,	1	,	39	,	9	,	0	,	1	,	2	,	1
736	,	12	,	7	,	3	,	26	,	11	,	0	,	21	,	1	,	1
737	,	5	,	2	,	2	,	73	,	4	,	0	,	5	,	8	,	1
738	,	0	,	0	,	0	,	0	,	0	,	0	,	0	,	0	,	1
739	,	2	,	7	,	4	,	30	,	5	,	0	,	0	,	1	,	1
740	,	5	,	2	,	5	,	34	,	9	,	6	,	10	,	1	,	1
741	,	9	,	7	,	6	,	45	,	12	,	0	,	6	,	2	,	1
742	,	4	,	4	,	6	,	38	,	7	,	0	,	5	,	0	,	1
743	,	6	,	1	,	3	,	42	,	11	,	0	,	10	,	0	,	1
744	,	4	,	3	,	3	,	32	,	6	,	0	,	8	,	1	,	1
745	,	4	,	5	,	1	,	36	,	2	,	0	,	5	,	1	,	1
746	,	7	,	2	,	5	,	26	,	8	,	0	,	15	,	2	,	1
747	,	6	,	3	,	3	,	18	,	2	,	0	,	8	,	0	,	1
748	,	7	,	3	,	2	,	30	,	10	,	2	,	41	,	2	,	1
749	,	4	,	4	,	4	,	58	,	9	,	0	,	2	,	1	,	1
750	,	6	,	3	,	3	,	23	,	12	,	0	,	3	,	1	,	1
751	,	3	,	2	,	2	,	38	,	2	,	0	,	5	,	0	,	1
752	,	3	,	4	,	3	,	33	,	6	,	0	,	1	,	4	,	1
753	,	6	,	3	,	6	,	29	,	5	,	0	,	6	,	1	,	1
754	,	1	,	1	,	5	,	39	,	4	,	0	,	5	,	1	,	1
755	,	7	,	7	,	4	,	32	,	13	,	0	,	4	,	1	,	1
756	,	4	,	5	,	4	,	37	,	15	,	0	,	7	,	3	,	1
757	,	3	,	3	,	0	,	62	,	9	,	0	,	12	,	1	,	1
758	,	3	,	7	,	3	,	53	,	7	,	0	,	3	,	4	,	1
759	,	2	,	2	,	6	,	55	,	11	,	0	,	10	,	2	,	1
760	,	2	,	4	,	4	,	48	,	10	,	3	,	4	,	1	,	1
761	,	4	,	4	,	3	,	37	,	11	,	0	,	4	,	3	,	1
762	,	0	,	5	,	4	,	30	,	12	,	0	,	6	,	1	,	1
763	,	5	,	4	,	6	,	31	,	7	,	0	,	6	,	3	,	2
764	,	2	,	5	,	4	,	55	,	6	,	0	,	6	,	4	,	2
765	,	4	,	7	,	3	,	67	,	12	,	0	,	5	,	2	,	2
766	,	8	,	9	,	2	,	51	,	6	,	0	,	3	,	3	,	2
767	,	7	,	3	,	3	,	53	,	18	,	0	,	6	,	1	,	2
768	,	4	,	2	,	7	,	52	,	8	,	0	,	5	,	1	,	2
769	,	5	,	8	,	3	,	45	,	8	,	0	,	23	,	0	,	2
770	,	6	,	1	,	3	,	47	,	7	,	0	,	1	,	0	,	2
771	,	3	,	4	,	4	,	47	,	17	,	0	,	11	,	0	,	2
772	,	10	,	5	,	4	,	60	,	6	,	0	,	15	,	3	,	2
773	,	6	,	5	,	8	,	63	,	12	,	0	,	10	,	2	,	2
774	,	8	,	5	,	10	,	36	,	14	,	1	,	1	,	1	,	2
775	,	6	,	8	,	5	,	18	,	10	,	0	,	10	,	3	,	2
776	,	1	,	6	,	2	,	50	,	15	,	0	,	14	,	0	,	2
777	,	2	,	7	,	1	,	75	,	6	,	0	,	10	,	0	,	2
778	,	8	,	7	,	1	,	65	,	10	,	0	,	0	,	1	,	2
779	,	1	,	4	,	2	,	50	,	5	,	0	,	9	,	0	,	2
780	,	6	,	7	,	8	,	44	,	2	,	0	,	4	,	1	,	2
781	,	1	,	3	,	2	,	27	,	6	,	0	,	12	,	2	,	2
782	,	4	,	2	,	4	,	30	,	6	,	0	,	2	,	3	,	2
783	,	1	,	7	,	10	,	27	,	5	,	0	,	6	,	1	,	2
784	,	5	,	6	,	3	,	30	,	6	,	0	,	20	,	0	,	2
785	,	6	,	3	,	1	,	34	,	6	,	0	,	12	,	0	,	2
786	,	8	,	6	,	7	,	44	,	10	,	0	,	8	,	3	,	2
787	,	4	,	2	,	2	,	37	,	10	,	0	,	10	,	2	,	2
788	,	1	,	1	,	2	,	47	,	9	,	0	,	7	,	1	,	2
789	,	3	,	3	,	3	,	27	,	20	,	9	,	8	,	1	,	2
790	,	1	,	2	,	5	,	45	,	21	,	2	,	0	,	1	,	2
791	,	1	,	6	,	1	,	26	,	26	,	1	,	12	,	1	,	3
792	,	4	,	3	,	10	,	38	,	24	,	3	,	17	,	6	,	3
793	,	8	,	2	,	8	,	40	,	12	,	1	,	10	,	4	,	3
794	,	1	,	4	,	4	,	34	,	3	,	0	,	14	,	1	,	3
795	,	4	,	5	,	6	,	25	,	6	,	0	,	17	,	1	,	3
796	,	10	,	6	,	6	,	22	,	22	,	8	,	2	,	1	,	3
797	,	5	,	2	,	4	,	20	,	31	,	5	,	11	,	1	,	3
798	,	1	,	3	,	4	,	26	,	10	,	0	,	0	,	4	,	3
799	,	6	,	2	,	4	,	41	,	11	,	1	,	10	,	0	,	3
800	,	6	,	4	,	4	,	22	,	11	,	3	,	17	,	6	,	3
801	,	5	,	8	,	6	,	68	,	0	,	0	,	11	,	3	,	3
802	,	9	,	4	,	3	,	22	,	9	,	0	,	13	,	8	,	3
803	,	2	,	5	,	5	,	15	,	18	,	0	,	21	,	5	,	3
804	,	2	,	2	,	0	,	31	,	14	,	2	,	8	,	4	,	3
805	,	3	,	2	,	3	,	24	,	10	,	0	,	10	,	0	,	3
806	,	3	,	3	,	1	,	29	,	7	,	0	,	2	,	1	,	3
807	,	4	,	2	,	3	,	65	,	11	,	0	,	5	,	4	,	3
808	,	7	,	3	,	4	,	22	,	8	,	0	,	2	,	2	,	3
809	,	4	,	1	,	0	,	20	,	11	,	2	,	18	,	1	,	3
810	,	3	,	4	,	9	,	49	,	7	,	0	,	15	,	5	,	3
811	,	2	,	2	,	2	,	27	,	4	,	0	,	9	,	0	,	3
812	,	3	,	4	,	2	,	25	,	4	,	0	,	0	,	1	,	3
813	,	5	,	5	,	5	,	34	,	8	,	0	,	11	,	9	,	3
814	,	7	,	2	,	5	,	40	,	7	,	1	,	2	,	0	,	3
815	,	4	,	3	,	3	,	47	,	9	,	0	,	3	,	2	,	3
816	,	5	,	10	,	0	,	28	,	15	,	4	,	5	,	3	,	3
817	,	4	,	3	,	5	,	28	,	14	,	1	,	5	,	2	,	3
818	,	6	,	2	,	1	,	12	,	23	,	2	,	6	,	2	,	3
819	,	7	,	2	,	3	,	28	,	5	,	0	,	7	,	3	,	3
820	,	5	,	4	,	9	,	42	,	33	,	8	,	3	,	2	,	3
821	,	9	,	3	,	2	,	50	,	8	,	0	,	3	,	4	,	3
822	,	7	,	3	,	0	,	37	,	19	,	1	,	22	,	5	,	4
823	,	6	,	4	,	6	,	30	,	31	,	0	,	10	,	10	,	4
824	,	1	,	3	,	2	,	38	,	10	,	6	,	5	,	4	,	4
825	,	6	,	5	,	3	,	29	,	9	,	0	,	1	,	8	,	4
826	,	6	,	4	,	5	,	39	,	16	,	1	,	16	,	3	,	4
827	,	4	,	3	,	4	,	34	,	13	,	0	,	23	,	5	,	4
828	,	16	,	5	,	2	,	40	,	4	,	0	,	5	,	7	,	4
829	,	0	,	0	,	0	,	0	,	0	,	0	,	0	,	0	,	4
830	,	5	,	3	,	6	,	25	,	6	,	0	,	10	,	6	,	4
831	,	2	,	3	,	2	,	38	,	18	,	3	,	7	,	10	,	4
832	,	7	,	3	,	2	,	28	,	12	,	0	,	3	,	11	,	4
833	,	5	,	5	,	4	,	17	,	9	,	0	,	6	,	5	,	4
834	,	5	,	2	,	5	,	23	,	12	,	0	,	23	,	4	,	4
835	,	8	,	4	,	2	,	24	,	2	,	0	,	3	,	12	,	4
836	,	8	,	3	,	3	,	20	,	5	,	0	,	0	,	6	,	4
837	,	2	,	6	,	0	,	41	,	9	,	0	,	4	,	3	,	4
838	,	3	,	1	,	0	,	16	,	10	,	0	,	6	,	6	,	4
839	,	5	,	1	,	3	,	25	,	5	,	0	,	7	,	1	,	4
840	,	5	,	6	,	1	,	31	,	3	,	0	,	1	,	7	,	4
841	,	5	,	5	,	0	,	15	,	10	,	0	,	6	,	9	,	4
842	,	4	,	3	,	2	,	40	,	7	,	0	,	4	,	6	,	4
843	,	6	,	5	,	4	,	43	,	7	,	0	,	0	,	7	,	4
844	,	7	,	1	,	1	,	16	,	7	,	0	,	2	,	9	,	4
845	,	6	,	4	,	6	,	20	,	9	,	0	,	1	,	12	,	4
846	,	9	,	8	,	5	,	18	,	8	,	2	,	30	,	9	,	4
847	,	5	,	1	,	2	,	18	,	8	,	0	,	7	,	5	,	4
848	,	7	,	4	,	3	,	43	,	12	,	0	,	6	,	4	,	4
849	,	9	,	2	,	2	,	27	,	11	,	1	,	6	,	7	,	4
850	,	7	,	6	,	6	,	14	,	5	,	0	,	14	,	10	,	4
851	,	5	,	7	,	3	,	14	,	12	,	0	,	1	,	7	,	4
852	,	2	,	0	,	1	,	6	,	0	,	0	,	1	,	8	,	5
853	,	6	,	4	,	2	,	38	,	7	,	0	,	3	,	9	,	5
854	,	2	,	2	,	2	,	27	,	10	,	0	,	16	,	10	,	5
855	,	1	,	3	,	5	,	9	,	6	,	0	,	2	,	11	,	5
856	,	9	,	3	,	5	,	24	,	9	,	0	,	0	,	7	,	5
857	,	3	,	11	,	0	,	18	,	9	,	0	,	3	,	14	,	5
858	,	10	,	0	,	0	,	22	,	13	,	0	,	7	,	3	,	5
859	,	11	,	6	,	1	,	15	,	14	,	2	,	1	,	9	,	5
860	,	9	,	2	,	7	,	24	,	8	,	2	,	2	,	5	,	5
861	,	9	,	5	,	6	,	39	,	12	,	0	,	1	,	6	,	5
862	,	9	,	1	,	3	,	19	,	6	,	0	,	2	,	10	,	5
863	,	1	,	4	,	5	,	27	,	10	,	0	,	11	,	8	,	5
864	,	5	,	6	,	3	,	14	,	3	,	0	,	7	,	10	,	5
865	,	6	,	7	,	1	,	20	,	4	,	1	,	37	,	3	,	5
866	,	4	,	1	,	2	,	14	,	11	,	0	,	5	,	7	,	5
867	,	4	,	2	,	3	,	13	,	9	,	0	,	2	,	8	,	5
868	,	2	,	3	,	4	,	16	,	11	,	0	,	1	,	4	,	5
869	,	2	,	1	,	6	,	30	,	11	,	0	,	2	,	2	,	5
870	,	2	,	3	,	1	,	18	,	7	,	5	,	0	,	5	,	5
871	,	7	,	8	,	1	,	45	,	6	,	1	,	0	,	10	,	5
872	,	12	,	3	,	2	,	15	,	18	,	0	,	11	,	5	,	5
873	,	4	,	2	,	3	,	8	,	7	,	0	,	6	,	6	,	5
874	,	2	,	4	,	0	,	11	,	7	,	0	,	0	,	7	,	5
875	,	2	,	2	,	5	,	20	,	6	,	1	,	10	,	1	,	5
876	,	2	,	2	,	2	,	16	,	9	,	0	,	1	,	2	,	5
877	,	3	,	3	,	7	,	16	,	7	,	0	,	3	,	5	,	5
878	,	6	,	5	,	5	,	49	,	6	,	1	,	0	,	11	,	5
879	,	7	,	3	,	1	,	20	,	7	,	0	,	7	,	6	,	5
880	,	9	,	4	,	3	,	21	,	7	,	0	,	4	,	6	,	5
881	,	4	,	2	,	2	,	16	,	9	,	0	,	14	,	10	,	5
882	,	4	,	4	,	1	,	11	,	10	,	0	,	8	,	6	,	5
883	,	12	,	2	,	4	,	29	,	9	,	0	,	5	,	3	,	6
884	,	8	,	3	,	4	,	23	,	9	,	3	,	7	,	9	,	6
885	,	5	,	3	,	1	,	22	,	8	,	1	,	0	,	2	,	6
886	,	3	,	3	,	6	,	19	,	3	,	0	,	6	,	6	,	6
887	,	4	,	4	,	1	,	20	,	7	,	2	,	0	,	7	,	6
888	,	6	,	2	,	0	,	17	,	16	,	3	,	0	,	2	,	6
889	,	2	,	5	,	0	,	19	,	11	,	1	,	10	,	2	,	6
890	,	4	,	1	,	2	,	9	,	6	,	0	,	2	,	4	,	6
891	,	8	,	6	,	3	,	21	,	11	,	0	,	5	,	0	,	6
892	,	3	,	5	,	5	,	33	,	7	,	0	,	0	,	3	,	6
893	,	8	,	8	,	3	,	17	,	17	,	0	,	0	,	6	,	6
894	,	2	,	5	,	4	,	18	,	3	,	0	,	1	,	7	,	6
895	,	12	,	4	,	1	,	22	,	1	,	0	,	0	,	2	,	6
896	,	0	,	1	,	1	,	22	,	11	,	0	,	0	,	2	,	6
897	,	1	,	0	,	0	,	11	,	10	,	0	,	8	,	2	,	6
898	,	3	,	6	,	5	,	10	,	5	,	0	,	2	,	7	,	6
899	,	5	,	7	,	6	,	24	,	10	,	0	,	5	,	4	,	6
900	,	5	,	1	,	2	,	14	,	4	,	0	,	1	,	6	,	6
901	,	4	,	3	,	4	,	23	,	8	,	0	,	5	,	3	,	6
902	,	4	,	5	,	3	,	15	,	8	,	3	,	11	,	3	,	6
903	,	3	,	3	,	4	,	36	,	5	,	0	,	5	,	11	,	6
904	,	5	,	5	,	4	,	12	,	3	,	0	,	6	,	6	,	6
905	,	5	,	7	,	2	,	14	,	7	,	0	,	1	,	2	,	6
906	,	2	,	5	,	2	,	29	,	10	,	0	,	0	,	3	,	6
907	,	3	,	3	,	0	,	31	,	12	,	3	,	5	,	2	,	6
908	,	10	,	6	,	3	,	15	,	6	,	0	,	9	,	4	,	6
909	,	2	,	2	,	3	,	11	,	10	,	0	,	2	,	3	,	6
910	,	3	,	2	,	4	,	10	,	13	,	0	,	5	,	2	,	6
911	,	1	,	3	,	2	,	10	,	8	,	0	,	0	,	4	,	6
912	,	7	,	3	,	7	,	27	,	10	,	2	,	0	,	4	,	6
913	,	2	,	4	,	1	,	22	,	7	,	0	,	10	,	4	,	7
914	,	3	,	6	,	3	,	25	,	18	,	0	,	3	,	7	,	7
915	,	6	,	2	,	1	,	14	,	9	,	0	,	8	,	3	,	7
916	,	1	,	3	,	4	,	16	,	6	,	0	,	22	,	7	,	7
917	,	4	,	3	,	4	,	15	,	6	,	3	,	3	,	1	,	7
918	,	2	,	5	,	1	,	20	,	15	,	0	,	0	,	6	,	7
919	,	6	,	9	,	7	,	19	,	14	,	0	,	0	,	6	,	7
920	,	7	,	5	,	2	,	28	,	10	,	0	,	5	,	4	,	7
921	,	3	,	2	,	4	,	31	,	12	,	3	,	0	,	3	,	7
922	,	6	,	6	,	4	,	34	,	9	,	2	,	2	,	4	,	7
923	,	10	,	3	,	3	,	29	,	13	,	0	,	6	,	2	,	7
924	,	3	,	4	,	7	,	24	,	11	,	4	,	0	,	3	,	7
925	,	1	,	3	,	1	,	22	,	5	,	0	,	2	,	3	,	7
926	,	0	,	3	,	0	,	26	,	8	,	0	,	0	,	1	,	7
927	,	10	,	9	,	4	,	23	,	4	,	0	,	1	,	7	,	7
928	,	9	,	5	,	1	,	22	,	8	,	0	,	0	,	3	,	7
929	,	2	,	4	,	2	,	29	,	13	,	0	,	0	,	6	,	7
930	,	3	,	3	,	5	,	10	,	17	,	0	,	12	,	6	,	7
931	,	7	,	4	,	3	,	16	,	14	,	1	,	0	,	3	,	7
932	,	5	,	7	,	5	,	35	,	2	,	1	,	2	,	4	,	7
933	,	4	,	5	,	0	,	22	,	7	,	0	,	5	,	1	,	7
934	,	4	,	4	,	0	,	31	,	4	,	0	,	5	,	6	,	7
935	,	9	,	2	,	2	,	12	,	15	,	1	,	0	,	5	,	7
936	,	10	,	4	,	2	,	22	,	4	,	1	,	2	,	2	,	7
937	,	5	,	3	,	2	,	16	,	7	,	0	,	0	,	2	,	7
938	,	4	,	2	,	5	,	24	,	4	,	0	,	1	,	4	,	7
939	,	2	,	3	,	3	,	19	,	11	,	0	,	1	,	6	,	7
940	,	6	,	4	,	1	,	25	,	9	,	0	,	0	,	3	,	7
941	,	4	,	4	,	2	,	9	,	7	,	1	,	0	,	3	,	7
942	,	3	,	6	,	5	,	26	,	9	,	2	,	0	,	4	,	7
943	,	7	,	4	,	3	,	13	,	5	,	0	,	0	,	3	,	7
944	,	1	,	2	,	1	,	14	,	9	,	1	,	1	,	7	,	8
945	,	0	,	1	,	0	,	11	,	11	,	0	,	2	,	5	,	8
946	,	4	,	3	,	2	,	21	,	9	,	0	,	0	,	1	,	8
947	,	5	,	4	,	2	,	8	,	11	,	3	,	0	,	8	,	8
948	,	6	,	1	,	5	,	13	,	4	,	2	,	6	,	1	,	8
949	,	8	,	6	,	2	,	21	,	7	,	0	,	6	,	2	,	8
950	,	2	,	3	,	8	,	15	,	7	,	1	,	1	,	3	,	8
951	,	4	,	3	,	2	,	10	,	13	,	0	,	0	,	2	,	8
952	,	3	,	3	,	1	,	29	,	13	,	0	,	0	,	2	,	8
953	,	6	,	4	,	4	,	19	,	4	,	0	,	0	,	2	,	8
954	,	4	,	4	,	6	,	37	,	16	,	1	,	5	,	10	,	8
955	,	11	,	5	,	6	,	16	,	6	,	0	,	1	,	2	,	8
956	,	3	,	5	,	2	,	23	,	15	,	0	,	3	,	2	,	8
957	,	1	,	3	,	5	,	12	,	9	,	0	,	4	,	5	,	8
958	,	8	,	4	,	2	,	32	,	13	,	2	,	0	,	1	,	8
959	,	3	,	9	,	4	,	27	,	6	,	3	,	5	,	5	,	8
960	,	2	,	3	,	2	,	23	,	5	,	1	,	5	,	1	,	8
961	,	6	,	5	,	0	,	32	,	5	,	1	,	6	,	0	,	8
962	,	6	,	4	,	1	,	20	,	3	,	0	,	5	,	6	,	8
963	,	4	,	6	,	4	,	21	,	7	,	0	,	20	,	3	,	8
964	,	2	,	3	,	2	,	26	,	4	,	1	,	1	,	4	,	8
965	,	5	,	4	,	0	,	18	,	4	,	1	,	0	,	4	,	8
966	,	5	,	4	,	4	,	35	,	8	,	0	,	23	,	3	,	8
967	,	4	,	2	,	1	,	39	,	7	,	0	,	21	,	4	,	8
968	,	4	,	4	,	3	,	27	,	4	,	0	,	6	,	3	,	8
969	,	11	,	7	,	4	,	57	,	10	,	0	,	8	,	4	,	8
970	,	3	,	1	,	9	,	16	,	6	,	0	,	1	,	1	,	8
971	,	2	,	3	,	1	,	26	,	7	,	1	,	0	,	3	,	8
972	,	7	,	3	,	1	,	29	,	10	,	1	,	5	,	3	,	8
973	,	2	,	3	,	3	,	38	,	7	,	0	,	4	,	2	,	8
974	,	4	,	3	,	0	,	17	,	13	,	1	,	20	,	4	,	8
975	,	2	,	0	,	2	,	19	,	6	,	1	,	1	,	2	,	9
976	,	7	,	5	,	3	,	20	,	5	,	0	,	5	,	2	,	9
977	,	1	,	2	,	2	,	27	,	12	,	0	,	0	,	4	,	9
978	,	4	,	1	,	1	,	22	,	7	,	0	,	3	,	2	,	9
979	,	7	,	3	,	2	,	28	,	11	,	0	,	3	,	2	,	9
980	,	7	,	4	,	3	,	18	,	13	,	0	,	5	,	0	,	9
981	,	2	,	2	,	4	,	42	,	6	,	0	,	22	,	8	,	9
982	,	10	,	2	,	6	,	35	,	12	,	0	,	10	,	1	,	9
983	,	4	,	6	,	0	,	50	,	2	,	0	,	0	,	5	,	9
984	,	7	,	2	,	2	,	49	,	14	,	3	,	1	,	2	,	9
985	,	9	,	3	,	3	,	51	,	15	,	0	,	6	,	4	,	9
986	,	4	,	3	,	2	,	35	,	18	,	0	,	5	,	0	,	9
987	,	3	,	3	,	1	,	21	,	5	,	2	,	12	,	2	,	9
988	,	8	,	7	,	4	,	54	,	7	,	0	,	1	,	2	,	9
989	,	6	,	2	,	4	,	20	,	6	,	0	,	10	,	4	,	9
990	,	3	,	1	,	3	,	24	,	6	,	1	,	7	,	3	,	9
991	,	3	,	2	,	4	,	44	,	10	,	1	,	5	,	0	,	9
992	,	4	,	3	,	4	,	20	,	6	,	0	,	1	,	5	,	9
993	,	6	,	4	,	2	,	26	,	10	,	0	,	9	,	7	,	9
994	,	2	,	4	,	2	,	24	,	13	,	1	,	0	,	5	,	9
995	,	5	,	6	,	1	,	33	,	10	,	0	,	1	,	3	,	9
996	,	6	,	4	,	2	,	32	,	6	,	1	,	23	,	3	,	9
997	,	7	,	9	,	3	,	43	,	9	,	0	,	8	,	5	,	9
998	,	7	,	4	,	6	,	54	,	7	,	0	,	9	,	2	,	9
999	,	6	,	5	,	3	,	54	,	11	,	0	,	22	,	2	,	9
1000	,	3	,	9	,	6	,	41	,	9	,	1	,	0	,	3	,	9
1001	,	4	,	7	,	5	,	19	,	11	,	0	,	7	,	3	,	9
1002	,	2	,	5	,	4	,	41	,	3	,	0	,	5	,	3	,	9
1003	,	4	,	5	,	2	,	58	,	4	,	0	,	21	,	1	,	9
1004	,	11	,	2	,	2	,	54	,	9	,	1	,	3	,	3	,	9
1005	,	3	,	5	,	1	,	53	,	10	,	0	,	21	,	3	,	10
1006	,	6	,	4	,	4	,	19	,	7	,	0	,	6	,	0	,	10
1007	,	6	,	3	,	3	,	35	,	12	,	2	,	5	,	4	,	10
1008	,	6	,	3	,	2	,	32	,	12	,	1	,	5	,	0	,	10
1009	,	5	,	3	,	1	,	23	,	7	,	0	,	14	,	1	,	10
1010	,	2	,	5	,	3	,	59	,	4	,	0	,	3	,	0	,	10
1011	,	3	,	7	,	2	,	42	,	8	,	0	,	9	,	1	,	10
1012	,	4	,	2	,	3	,	30	,	18	,	5	,	0	,	3	,	10
1013	,	2	,	2	,	1	,	30	,	18	,	0	,	29	,	1	,	10
1014	,	9	,	8	,	4	,	41	,	13	,	0	,	20	,	2	,	10
1015	,	2	,	2	,	2	,	31	,	15	,	0	,	0	,	1	,	10
1016	,	6	,	4	,	1	,	26	,	6	,	0	,	1	,	6	,	10
1017	,	7	,	5	,	3	,	30	,	8	,	0	,	6	,	3	,	10
1018	,	2	,	6	,	6	,	52	,	9	,	2	,	0	,	6	,	10
1019	,	7	,	0	,	3	,	48	,	12	,	0	,	5	,	6	,	10
1020	,	6	,	5	,	2	,	27	,	5	,	3	,	6	,	0	,	10
1021	,	2	,	6	,	4	,	52	,	5	,	0	,	1	,	4	,	10
1022	,	4	,	3	,	1	,	14	,	9	,	1	,	10	,	5	,	10
1023	,	4	,	2	,	0	,	11	,	5	,	2	,	6	,	4	,	10
1024	,	2	,	2	,	2	,	33	,	9	,	0	,	34	,	5	,	10
1025	,	7	,	9	,	1	,	56	,	5	,	3	,	5	,	1	,	10
1026	,	3	,	7	,	3	,	19	,	8	,	0	,	28	,	1	,	10
1027	,	2	,	2	,	0	,	45	,	9	,	1	,	11	,	3	,	10
1028	,	4	,	2	,	5	,	37	,	7	,	0	,	10	,	2	,	10
1029	,	5	,	5	,	3	,	52	,	12	,	0	,	33	,	3	,	10
1030	,	4	,	5	,	5	,	44	,	14	,	1	,	14	,	1	,	10
1031	,	8	,	3	,	2	,	50	,	12	,	1	,	7	,	2	,	10
1032	,	5	,	5	,	2	,	54	,	9	,	3	,	13	,	3	,	10
1033	,	5	,	3	,	2	,	33	,	5	,	0	,	10	,	3	,	10
1034	,	9	,	4	,	1	,	18	,	7	,	0	,	13	,	1	,	10
1035	,	2	,	5	,	3	,	34	,	7	,	0	,	2	,	2	,	10
1036	,	8	,	0	,	3	,	25	,	6	,	3	,	7	,	0	,	11
1037	,	5	,	2	,	0	,	33	,	8	,	0	,	1	,	3	,	11
1038	,	3	,	3	,	6	,	45	,	2	,	0	,	0	,	2	,	11
1039	,	14	,	5	,	0	,	52	,	7	,	0	,	13	,	1	,	11
1040	,	6	,	2	,	6	,	29	,	14	,	0	,	13	,	2	,	11
1041	,	3	,	7	,	11	,	38	,	8	,	0	,	13	,	3	,	11
1042	,	7	,	2	,	3	,	39	,	15	,	3	,	8	,	0	,	11
1043	,	3	,	2	,	6	,	38	,	5	,	0	,	16	,	2	,	11
1044	,	5	,	1	,	5	,	43	,	7	,	1	,	22	,	0	,	11
1045	,	4	,	2	,	2	,	36	,	7	,	1	,	11	,	1	,	11
1046	,	11	,	4	,	2	,	34	,	14	,	0	,	10	,	1	,	11
1047	,	2	,	2	,	7	,	35	,	15	,	2	,	24	,	1	,	11
1048	,	6	,	5	,	6	,	30	,	18	,	0	,	18	,	3	,	11
1049	,	6	,	5	,	3	,	28	,	9	,	0	,	0	,	0	,	11
1050	,	2	,	4	,	2	,	50	,	3	,	2	,	29	,	0	,	11
1051	,	8	,	3	,	4	,	22	,	6	,	0	,	6	,	0	,	11
1052	,	8	,	2	,	1	,	39	,	5	,	0	,	13	,	2	,	11
1053	,	5	,	5	,	5	,	33	,	7	,	1	,	10	,	1	,	11
1054	,	6	,	2	,	2	,	47	,	6	,	3	,	3	,	0	,	11
1055	,	5	,	4	,	4	,	32	,	4	,	1	,	10	,	3	,	11
1056	,	7	,	2	,	3	,	22	,	5	,	0	,	5	,	1	,	11
1057	,	8	,	7	,	3	,	22	,	9	,	0	,	15	,	2	,	11
1058	,	6	,	4	,	3	,	30	,	13	,	1	,	24	,	3	,	11
1059	,	6	,	6	,	5	,	29	,	11	,	0	,	7	,	0	,	11
1060	,	5	,	4	,	3	,	19	,	6	,	1	,	3	,	2	,	11
1061	,	5	,	2	,	2	,	36	,	15	,	1	,	16	,	3	,	11
1062	,	8	,	5	,	2	,	42	,	2	,	0	,	5	,	2	,	11
1063	,	3	,	6	,	1	,	24	,	15	,	2	,	8	,	4	,	11
1064	,	4	,	4	,	1	,	23	,	7	,	0	,	1	,	3	,	11
1065	,	1	,	3	,	1	,	22	,	3	,	0	,	0	,	3	,	11
1066	,	7	,	9	,	2	,	41	,	7	,	3	,	13	,	2	,	12
1067	,	3	,	6	,	10	,	66	,	6	,	0	,	27	,	8	,	12
1068	,	6	,	5	,	2	,	44	,	13	,	0	,	13	,	1	,	12
1069	,	3	,	3	,	3	,	32	,	11	,	0	,	5	,	3	,	12
1070	,	5	,	4	,	4	,	41	,	13	,	0	,	15	,	2	,	12
1071	,	0	,	0	,	0	,	0	,	0	,	0	,	0	,	0	,	12
1072	,	5	,	3	,	3	,	47	,	14	,	0	,	12	,	3	,	12
1073	,	0	,	0	,	0	,	0	,	0	,	0	,	0	,	0	,	12
1074	,	5	,	7	,	4	,	58	,	9	,	0	,	11	,	0	,	12
1075	,	4	,	5	,	2	,	24	,	12	,	1	,	7	,	1	,	12
1076	,	4	,	4	,	8	,	28	,	12	,	3	,	2	,	6	,	12
1077	,	4	,	2	,	3	,	38	,	11	,	0	,	21	,	0	,	12
1078	,	4	,	2	,	3	,	48	,	6	,	0	,	6	,	0	,	12
1079	,	2	,	2	,	0	,	23	,	2	,	1	,	29	,	1	,	12
1080	,	4	,	2	,	3	,	62	,	5	,	0	,	26	,	2	,	12
1081	,	1	,	4	,	0	,	27	,	3	,	0	,	7	,	1	,	12
1082	,	6	,	2	,	5	,	53	,	6	,	1	,	22	,	2	,	12
1083	,	0	,	2	,	1	,	35	,	12	,	3	,	9	,	2	,	12
1084	,	0	,	0	,	0	,	0	,	0	,	0	,	0	,	0	,	12
1085	,	8	,	2	,	1	,	27	,	12	,	3	,	1	,	0	,	12
1086	,	2	,	1	,	0	,	35	,	12	,	1	,	13	,	1	,	12
1087	,	8	,	3	,	5	,	43	,	3	,	1	,	0	,	0	,	12
1088	,	12	,	6	,	2	,	48	,	8	,	0	,	13	,	4	,	12
1089	,	9	,	4	,	1	,	32	,	20	,	0	,	8	,	1	,	12
1090	,	8	,	6	,	5	,	43	,	9	,	3	,	21	,	2	,	12
1091	,	1	,	1	,	2	,	50	,	8	,	1	,	13	,	2	,	12
1092	,	4	,	3	,	3	,	41	,	8	,	0	,	7	,	0	,	12
1093	,	12	,	6	,	1	,	56	,	11	,	6	,	9	,	0	,	12
1094	,	7	,	6	,	1	,	68	,	5	,	0	,	7	,	2	,	12
1095	,	5	,	8	,	5	,	60	,	6	,	0	,	31	,	3	,	12
1096	,	8	,	5	,	5	,	45	,	10	,	0	,	6	,	4	,	12
